conf_threshold,images,gt_boxes,pred_boxes,avg_pred_boxes_per_image,tp,fp,fn,precision,recall,f1,count_diff,abs_count_error,defect_gt_boxes,defect_pred_boxes,defect_detected_boxes,defect_missed_boxes,defect_detect_rate,defect_miss_rate,normal_gt_boxes,normal_hit_by_defect_boxes,normal_to_defect_rate,broken_gt_boxes,broken_pred_boxes,broken_tp,broken_fp,broken_fn,broken_precision,broken_recall,broken_f1,normal_gt_boxes,normal_pred_boxes,normal_tp,normal_fp,normal_fn,normal_precision,normal_recall,normal_f1,muddy_gt_boxes,muddy_pred_boxes,muddy_tp,muddy_fp,muddy_fn,muddy_precision,muddy_recall,muddy_f1,empty_gt_boxes,empty_pred_boxes,empty_tp,empty_fp,empty_fn,empty_precision,empty_recall,empty_f1
0.7,871,2521,2720,3.1228473019517797,2419,301,102,0.8893382352941176,0.9595398651328838,0.9231062774279718,199,199,1675,1812,1625,50,0.9701492537313433,0.029850746268656716,846,9,0.010638297872340425,787,848,750,98,37,0.8844339622641509,0.9529860228716646,0.9174311926605505,846,908,821,87,25,0.9041850220264317,0.9704491725768322,0.936145952109464,521,539,483,56,38,0.8961038961038961,0.927063339731286,0.911320754716981,367,425,365,60,2,0.8588235294117647,0.9945504087193461,0.9217171717171717
0.71,871,2521,2714,3.1159586681974742,2418,296,103,0.8909358879882093,0.9591431971439904,0.9237822349570202,193,193,1675,1808,1622,53,0.9683582089552238,0.03164179104477612,846,9,0.010638297872340425,787,846,749,97,38,0.8853427895981087,0.951715374841169,0.9173300673606859,846,906,821,85,25,0.9061810154525386,0.9704491725768322,0.937214611872146,521,539,483,56,38,0.8961038961038961,0.927063339731286,0.911320754716981,367,423,365,58,2,0.8628841607565012,0.9945504087193461,0.9240506329113923
0.72,871,2521,2708,3.1090700344431688,2417,291,104,0.8925406203840472,0.9587465291550972,0.9244597437368522,187,187,1675,1805,1621,54,0.9677611940298507,0.032238805970149255,846,9,0.010638297872340425,787,844,748,96,39,0.8862559241706162,0.9504447268106735,0.9172286940527283,846,903,821,82,25,0.9091915836101883,0.9704491725768322,0.938822184105203,521,538,483,55,38,0.8977695167286245,0.927063339731286,0.9121813031161473,367,423,365,58,2,0.8628841607565012,0.9945504087193461,0.9240506329113923
0.73,871,2521,2703,3.103329506314581,2414,289,107,0.8930817610062893,0.9575565251884173,0.9241960183767228,182,182,1675,1800,1619,56,0.9665671641791045,0.03343283582089552,846,9,0.010638297872340425,787,843,747,96,40,0.8861209964412812,0.9491740787801779,0.916564417177914,846,903,821,82,25,0.9091915836101883,0.9704491725768322,0.938822184105203,521,534,481,53,40,0.900749063670412,0.9232245681381958,0.9118483412322275,367,423,365,58,2,0.8628841607565012,0.9945504087193461,0.9240506329113923
0.74,871,2521,2696,3.095292766934558,2411,285,110,0.8942878338278932,0.9563665212217374,0.9242859881157753,175,175,1675,1797,1618,57,0.9659701492537314,0.03402985074626866,846,9,0.010638297872340425,787,841,746,95,41,0.8870392390011891,0.9479034307496823,0.9164619164619163,846,899,819,80,27,0.9110122358175751,0.9680851063829787,0.9386819484240687,521,533,481,52,40,0.9024390243902439,0.9232245681381958,0.9127134724857685,367,423,365,58,2,0.8628841607565012,0.9945504087193461,0.9240506329113923
0.75,871,2521,2690,3.0884041331802528,2408,282,113,0.8951672862453531,0.9551765172550575,0.9241988102091728,169,169,1675,1793,1616,59,0.964776119402985,0.03522388059701492,846,9,0.010638297872340425,787,839,745,94,42,0.8879618593563766,0.9466327827191868,0.9163591635916359,846,897,817,80,29,0.9108138238573021,0.9657210401891253,0.9374641422834195,521,532,481,51,40,0.9041353383458647,0.9232245681381958,0.9135802469135803,367,422,365,57,2,0.8649289099526066,0.9945504087193461,0.9252217997465145
0.76,871,2521,2682,3.079219288174512,2406,276,115,0.8970917225950783,0.954383181277271,0.924851047472612,161,161,1675,1786,1613,62,0.9629850746268657,0.037014925373134326,846,9,0.010638297872340425,787,838,745,93,42,0.8890214797136038,0.9466327827191868,0.9169230769230771,846,896,817,79,29,0.9118303571428571,0.9657210401891253,0.9380022962112514,521,526,479,47,42,0.9106463878326996,0.9193857965451055,0.9149952244508118,367,422,365,57,2,0.8649289099526066,0.9945504087193461,0.9252217997465145
0.77,871,2521,2671,3.0665901262916186,2400,271,121,0.8985398727068513,0.9520031733439112,0.9244992295839753,150,150,1675,1778,1608,67,0.96,0.04,846,9,0.010638297872340425,787,831,741,90,46,0.8916967509025271,0.9415501905972046,0.9159456118665018,846,893,815,78,31,0.9126539753639418,0.9633569739952719,0.9373202990224266,521,525,479,46,42,0.9123809523809524,0.9193857965451055,0.9158699808795411,367,422,365,57,2,0.8649289099526066,0.9945504087193461,0.9252217997465145
0.78,871,2521,2669,3.064293915040184,2399,270,122,0.8988385162982391,0.9516065053550179,0.9244701348747592,148,148,1675,1776,1607,68,0.9594029850746268,0.04059701492537313,846,8,0.009456264775413711,787,829,740,89,47,0.8926417370325693,0.940279542566709,0.9158415841584159,846,893,815,78,31,0.9126539753639418,0.9633569739952719,0.9373202990224266,521,525,479,46,42,0.9123809523809524,0.9193857965451055,0.9158699808795411,367,422,365,57,2,0.8649289099526066,0.9945504087193461,0.9252217997465145
0.79,871,2521,2658,3.0516647531572905,2395,263,126,0.9010534236267871,0.9500198333994446,0.9248889747055415,137,137,1675,1771,1606,69,0.9588059701492537,0.04119402985074627,846,7,0.008274231678486997,787,827,740,87,47,0.8948004836759371,0.940279542566709,0.9169764560099133,846,887,812,75,34,0.915445321307779,0.9598108747044918,0.9371032890940566,521,522,478,44,43,0.9157088122605364,0.9174664107485605,0.9165867689357623,367,422,365,57,2,0.8649289099526066,0.9945504087193461,0.9252217997465145
0.8,871,2521,2645,3.0367393800229623,2386,259,135,0.9020793950850662,0.946449821499405,0.9237320944638018,124,124,1675,1761,1600,75,0.9552238805970149,0.04477611940298507,846,7,0.008274231678486997,787,822,738,84,49,0.8978102189781022,0.9377382465057179,0.9173399627097576,846,884,809,75,37,0.915158371040724,0.9562647754137116,0.9352601156069363,521,518,474,44,47,0.915057915057915,0.9097888675623801,0.9124157844080847,367,421,365,56,2,0.8669833729216152,0.9945504087193461,0.9263959390862944
0.81,871,2521,2633,3.0229621125143513,2381,252,140,0.9042916824914546,0.9444664815549385,0.923942568878541,112,112,1675,1751,1595,80,0.9522388059701492,0.04776119402985075,846,7,0.008274231678486997,787,817,735,82,52,0.8996328029375765,0.9339263024142312,0.9164588528678304,846,882,808,74,38,0.9160997732426304,0.9550827423167849,0.9351851851851852,521,514,473,41,48,0.9202334630350194,0.9078694817658349,0.9140096618357487,367,420,365,55,2,0.8690476190476191,0.9945504087193461,0.9275730622617535
0.82,871,2521,2620,3.008036739380023,2374,246,147,0.9061068702290076,0.9416898056326855,0.9235557284574984,99,99,1675,1744,1589,86,0.9486567164179105,0.051343283582089554,846,7,0.008274231678486997,787,813,734,79,53,0.9028290282902829,0.9326556543837357,0.9175,846,876,803,73,43,0.9166666666666666,0.9491725768321513,0.9326364692218351,521,513,472,41,49,0.9200779727095516,0.9059500959692899,0.9129593810444875,367,418,365,53,2,0.8732057416267942,0.9945504087193461,0.9299363057324841
0.83,871,2521,2612,2.9988518943742823,2369,243,152,0.9069678407350689,0.9397064656882189,0.9230469511007208,91,91,1675,1739,1586,89,0.946865671641791,0.05313432835820896,846,6,0.0070921985815602835,787,809,731,78,56,0.9035846724351051,0.928843710292249,0.9160401002506267,846,873,801,72,45,0.9175257731958762,0.9468085106382979,0.9319371727748691,521,512,472,40,49,0.921875,0.9059500959692899,0.9138431752178122,367,418,365,53,2,0.8732057416267942,0.9945504087193461,0.9299363057324841
0.84,871,2521,2599,2.983926521239954,2365,234,156,0.9099653712966526,0.9381197937326458,0.923828125,78,78,1675,1731,1583,92,0.9450746268656717,0.05492537313432836,846,6,0.0070921985815602835,787,806,730,76,57,0.9057071960297767,0.9275730622617535,0.9165097300690521,846,868,798,70,48,0.9193548387096774,0.9432624113475178,0.9311551925320887,521,510,472,38,49,0.9254901960784314,0.9059500959692899,0.915615906886518,367,415,365,50,2,0.8795180722891566,0.9945504087193461,0.9335038363171355
0.85,871,2521,2589,2.9724454649827785,2359,230,162,0.9111626110467362,0.935739785799286,0.9232876712328766,68,68,1675,1722,1577,98,0.9414925373134329,0.05850746268656717,846,6,0.0070921985815602835,787,801,727,74,60,0.9076154806491885,0.9237611181702668,0.915617128463476,846,867,797,70,49,0.9192618223760092,0.942080378250591,0.9305312317571511,521,507,470,37,51,0.9270216962524654,0.9021113243761996,0.9143968871595329,367,414,365,49,2,0.8816425120772947,0.9945504087193461,0.9346991037131882
0.86,871,2521,2567,2.947187141216992,2348,219,173,0.9146864043630697,0.9313764379214597,0.9229559748427673,46,46,1675,1704,1566,109,0.9349253731343283,0.06507462686567164,846,5,0.00591016548463357,787,790,722,68,65,0.9139240506329114,0.9174078780177891,0.9156626506024097,846,863,796,67,50,0.9223638470451911,0.9408983451536643,0.9315389116442364,521,501,465,36,56,0.9281437125748503,0.8925143953934741,0.9099804305283757,367,413,365,48,2,0.8837772397094431,0.9945504087193461,0.9358974358974359
0.87,871,2521,2553,2.931113662456946,2337,216,184,0.9153936545240893,0.9270130900436335,0.9211667323610564,32,32,1675,1697,1560,115,0.9313432835820895,0.06865671641791045,846,5,0.00591016548463357,787,786,718,68,69,0.9134860050890585,0.9123252858958069,0.9129052765416402,846,856,791,65,55,0.9240654205607477,0.9349881796690307,0.9294947121034077,521,499,463,36,58,0.9278557114228457,0.8886756238003839,0.9078431372549021,367,412,365,47,2,0.8859223300970874,0.9945504087193461,0.9370988446726572
0.88,871,2521,2535,2.91044776119403,2327,208,194,0.9179487179487179,0.9230464101547006,0.920490506329114,14,14,1675,1686,1551,124,0.9259701492537313,0.07402985074626865,846,5,0.00591016548463357,787,779,712,67,75,0.9139922978177151,0.9047013977128335,0.909323116219668,846,849,788,61,58,0.928150765606596,0.9314420803782506,0.9297935103244838,521,496,462,34,59,0.9314516129032258,0.8867562380038387,0.9085545722713864,367,411,365,46,2,0.8880778588807786,0.9945504087193461,0.9383033419023136
0.89,871,2521,2512,2.8840413318025258,2315,197,206,0.9215764331210191,0.918286394287981,0.919928472084244,-9,9,1675,1673,1544,131,0.9217910447761194,0.07820895522388059,846,5,0.00591016548463357,787,772,708,64,79,0.917098445595855,0.8996188055908514,0.9082745349583068,846,839,783,56,63,0.933253873659118,0.925531914893617,0.9293768545994066,521,490,459,31,62,0.936734693877551,0.8809980806142035,0.9080118694362017,367,411,365,46,2,0.8880778588807786,0.9945504087193461,0.9383033419023136
0.9,871,2521,2485,2.8530424799081517,2298,187,223,0.924748490945674,0.911543038476795,0.9180982820615261,-36,36,1675,1656,1534,141,0.9158208955223881,0.08417910447761194,846,4,0.004728132387706856,787,761,703,58,84,0.923784494086728,0.8932655654383735,0.9082687338501292,846,829,776,53,70,0.9360675512665863,0.91725768321513,0.9265671641791045,521,484,454,30,67,0.9380165289256198,0.8714011516314779,0.9034825870646767,367,411,365,46,2,0.8880778588807786,0.9945504087193461,0.9383033419023136
